X,Y
صعب روزی، بوالعجب کاری، پریشان عالمی,OTHER
بسیار نرم و لطیف بوده و کیفیت بالایی داره.,HAPPY
اصلا رنگش با چیزی که تو عکس بود خیلی فرق داشت,ANGRY
خیلی زیبا و ب اندازه و با دقت طراحی شده,HAPPY
سبزی پلو با ماهی مال عید نوروزه، امشب سوشی میخوریم بجاش? #جاتون‌خالی #HAPPYNEWYEAR2022 ,OTHER
لج بازیو بذار کنار یه فرصت دیگه بهت میدم,OTHER
 بیا چندتا سیل جمعیت نشونت بدم تا دفعه بعدی به 20 25 نفر نگی سیل ,OTHER
دلم میخواد زیبا باشم و دوست داشته بشم:(,OTHER
عباس علی‌زاده معروف به «بروس‌لی افغانستان» وارد هالیوود می‌شود! #Federalism #StopHazaraGenocide ,OTHER
امشب راحت میتوان به این موضوع پی برد مگه نه؟ ,OTHER
اگر #گاز دارید، خدا را #شُکر کنید و؛ با #صرفه_جویی در مصرف، به فکر هموطن های شمال شرق کشور باشید. ,OTHER
جای گلوله ای در بدنم درد میکند که به من اصابت نکرده است.#مهسا_امینی,SAD
اصلا کار نمیکنه که نظر هم بدیم که خوبه یا بد,ANGRY
* علم یک واکسن است در مقابل شارلاتان های دنیا که می‌خواهند از جهل شما سو‌استفاده کنند..!!!*,ANGRY
حدود ده دقیقه پیش همچین هشداری روی گوشیم اومد! کو زلزله؟ ,FEAR
بلاکم کرد به‌خاطر همین توییت :)))))),OTHER
لطف کنید موجود کنید... واقعا عالیه,HAPPY
قشنگا سال نوتون مبارک با تمام وجود میخوام که 2022سال بهتری باشه و شر کرونا از سر دنیا کم شه.,HAPPY
"عالی 
مکش خوب ،صدا کم حتمآ پیشنهاد میکنم",HAPPY
در مجموع نسبت به قیمتش می ارزه و کیفیت خوبی داره,HAPPY
کمبود گاز باعث قطع ۵۰ درصدی برق صنایع شده است ,ANGRY
"بلک بری کی وان که صفحه کلیدش حذف شده 


بی نظیره",ANGRY
یونسکو روز بین‌المللی آموزش را به زنان افغانستان اختصاص داد ,OTHER
 معلوم نیست چی سینوس ملت رو این طوری تحریک کرده. ویروس، آلودگی هوا همه اینا دخیل‌ه,OTHER
تقدیم به آنان که هم به مردم در سیل و زلزله و... خدمت میکنند و هم زخم زبان میشنوند? ,OTHER
فیلم فوق‌العاده ای است آقای مدیری دستتون درد نکنه,OTHER
وضع گاز اینطوری پیش بره از چند روز دیگه خوراک لوبیا نذری میدن...,OTHER
فعلا که هم داریم به اوکراین و هم به روسیه سلاح می فروشیم?,OTHER
حالا سیل نیاد بخاطر حجاب تون خانما!?,OTHER
ست 8 پارچه نیست..پوست کن نداره !!,ANGRY
یک عطر خاص و ماندگار جزو عطرهای خوب دنیاست,HAPPY
هیچوقت هیچکس دلش برام تنگ نمیشه، چرا بشه اصا,OTHER
من از دی جی  کالا نخریدم ولی خیلی خوب بوده,HAPPY
رهایی تو ای پروانه از پیله مبارک باد... #جانفدا #مشق_عشق ,OTHER
دوست خواهرم بهش سفارش کیک داده کیکش ?‍♂️ ,OTHER
"کیفیت عالی 
جزءیات دقیق
بشدت خوش ساخت",HAPPY
توییتاتون رو پاک نکنید تا دو هفته‌ی دیگه لطفا,OTHER
چنان از شدت سردرد یهویی خوابم میبره که موقع بیدار شدن از مختصات زمان و مکانم خارج میشم,OTHER
خیلی خوب بود.مناسب برای سرو بستنی و دسر.,HAPPY
اعتراضات سراسری به اسرائیل هم رسید #اعتراضات_سراسری_تلاویو,HAPPY
فوق العاده ظریف و زیبا. امیدوارم رنگش ثابت بمونه,HAPPY
چه رفاقتای که تو این چند ماه بگا رفت?‍? #مهسا_امینی,SAD
و اما طالبان عاملان این حمله را نیز در ورزشگاه‌ها در محضر عام مجازات خواهند کرد؟,OTHER
شگفت انگیز که نه مفتم دادن نخرید,HAPPY
اقايون متاهل كه مدعي عاشقي هستيد فرض كنيد همسرتون ي مراسم دعوته كدوم لباس مشكيش رو ميپوشه!؟!؟,OTHER
… از صفحه اینستاگرام عرفان کوشا #مهسا_امینی #IranRevoIution ,OTHER
تری جی هست و ارزش نداره وگرنه میخریدم,ANGRY
ثبت نزدیک به ۱۴۰ بیمار مسموم با گاز در ۲۴ ساعت در هرات #طلوع‌نیوز ,OTHER
میترسم برم دستشویی شرکت آب ساختمون قطع بشه دوباره :)))))))))*,FEAR
خیلی شیک و خفن بود خیلی خوشم اومد,HAPPY
آذربایجان باشین ساغ اولسون. #خوی #زلزله,OTHER
 سوریه یمن آرژانتین ترکیه سودان افغانستان ایران و خیلی جاهای دیگه,OTHER
کیفیت بالا و قیمت مناسب دیجی کالا,HAPPY
الان فقط چند عدد نون زیر کباب چرب و چیل آرومم میکنه ??,OTHER
مازندران که زلزله نمیاد مازندران دریل میاد لندنی,OTHER
امروز  رسید دستم  خیلی سبک وشیک بود در کلا عالیه,HAPPY
اپوزیسیون ما کارهایی میکنه که تو بالیوود هم قفله ????,SAD
ما را دچارِ عشقِ خودت کردی و سپس با یک نفس به عشق حُسینت دچارتر #شب_زیارتی,SAD
حسین صارمی: من گاز می‌شم می‌رم تو لوله‌ت گوز می‌شم می‌رم تو روده‌ت,OTHER
بیا خونه‌مون، گاز داریم نشونت بدم.,OTHER
جزوه ای ک من مینوییم جزوه ای ک دوستم مینویسه?‍♀️ ,HAPPY
کارکنان رسمی شاغل در شرکت نفت و گاز پارس عسلویه تجمع اعتراضی برگزار کردند,OTHER
افتضاح بود خیلی کوچیک به هیج دردی نمیخوره,ANGRY
این بازی خیلی خوب و هیجانیه حتما پیشنهاد میکنم,HAPPY
هافبک تیم ملی فوتبال سال ۲۰۶۰ نیاد به مجتبی وکالت بده.,OTHER
زونکنهای خوبی بود پیشنهاد میکنم,HAPPY
همه‌چیز عالی واقعا نسبت به قیمت عالی,HAPPY
گر جان من بخواهی، کردم حلال بر تو چیزی که دوست خواهد، بر ما حرام باشد,SAD
کاش صدا و سیما رو تعطیل میکردن ، کلی در مصرف گاز و بی‌شعوری همزمان صرفه جویی میشد,ANGRY
دارای کیفیت خوبی بود  و بوی خوبی داشت,HAPPY
نسبت به قیمتش کیفیتش باور نکردنیه.,HAPPY
رنگش مطابق عکسه و ماندگاریشم خوبه,HAPPY
 این نشون دهنده برد انقلاب ما نزد افکار عمومی و نماینده های پارلمان اروپاست.,OTHER
من استفاده کردم راضی ام میگیرم همیشه,HAPPY
اگر قبل اينکه دستشو لمس کنی عاشق روحش شده باشی اون عشق واقعیه :)?❤️,SAD
من با زلزله حال میکنم باید نماز شکر بخونم؟?,OTHER
فقط دوباره برای کرونا تعطیل بشه من بچه هام را می گذارم دم در,OTHER
کسی هم که دستور داد گاز ذخیره نشه حتما بابای من بوده ,OTHER
*Iran باآرزوی آزادی ایران وبهترینها برای شما ,OTHER
کسی تو این ساعت آهنگ گوش میده؟ درحال گوش دادن چه آهنگی هستید؟ من: ,HAPPY
 بنا به فرمایش امام راحل و رهبر انقلاب اسرا/ئیل رو به نابودی است و این یک وعده صادق است ...???,OTHER
اسرائیل هم به زودی میره تو اسقاطی ها #اعتراضات_سراسری_تلاویو ,OTHER
به هرگوشه که میچرخی فقط تاریک و سرده . #مهسا_امینی #اعتصابات_سراسری‌,SAD
در کل خوبه پشتیبانی هم بسیار عالی,HAPPY
"فقط مارک فیلیپس داره
کاملا فیک در حد درجه 5",OTHER
ولی کاش امشب یا مقلب القلوب... نمی‌خوندین!,SAD
بعد از ۲ سال و ۳ ماه... #بورس #شاخص_کل ,OTHER
درش اصلا جالب نیست و بسته نمیشه,ANGRY
واقعا عالیه عالیه عالیه من که خیلیییییی خوشم اومد,HAPPY
بورس یجوری جذابِ سهماش که اصن پشم و پیل نمیمونه برا آدم..!,OTHER
برای پوست خشک عالیه و حتما پیشنهاد میکنم,HAPPY
 خداییش قیافه این قرومساق کرکر خنده است???,OTHER
دوست دارم برای تو با همه فرق کنم خودمو توی چشات یه تنه غرق کنم…,SAD
چند نفر این شکلی بازداشت، شکنجه و جریمه شدن ولی از ترس عواقب بدتر مجبورن سکوت کنن. #مهسا_امینی ,SAD
بعضیا هم هستن انقد انرژی مثبت و مهربونن و با درک و فهم هستن که آدم کیف می‌کنه از بودنشون ???,OTHER
من درازای پتو بودم ولی اون پتو رو از عرض کشید رو خودش,ANGRY
دقیق همون موقعه ای که نباید،تنها ترین میشی.,OTHER
کیفیتش خیلی بده و زود ترک میخوره,ANGRY
بلومبرگ: هزاران خانوار ایرانی بدون گاز در سرما ماندند ,OTHER
فک نمیکردم انقدر بد باشه،پیشنهاد اکید میکنم نخرید,HAPPY
حمله ی اضطرابی ساعت ۵ صبح رو کجای دلم بزارم,OTHER
مثل دیوار ترک خورده پس از زلزله ها گاه دل ها ز سخن های کسی میشکند,SAD
نسبت به قیمتش خوبه در رنگهای مختلف,HAPPY
این دلقکا اون موقع که اعتصابات و اعتراضات بود از ترس قطع شدن جیرشون ساکت شده بودن.,ANGRY
بوی خوبی داره و به نظرم به قیمتش می ارزه,HAPPY
کشتی گرفتن محمدمهدی و پدرش رو دیدید؟ قلبم دو نیم شد...? #مهسا_امینی #محمدمهدی_کرمی #محمد_حسینی,SAD
خواهرم تازه یخچال خریده میگه خدایا لااقل بزار استفاده کنم یه مدت بعد بترکون. #زلزله,ANGRY
ابعاد آن به هیچ عنوان به صفحه گوشی S7 نمیخورد.,ANGRY
یعنی در چند جبهه باس بجنگیم؟! یه ور ملا یه ور مجاهد یه ور سلطنت‌طلب!,OTHER
مدیررسانه سابق تیم شهرخودرو با انتشار یک استوری خبر از وقوع یک فاجعه برای فوتبال مشهد داده است... ,OTHER
اگر این‌بار شد وجدان خواب‌آلوده‌ات بیدار تفنگت را زمین بگذار... #مهسا_امینی ‌,SAD
هشدار زلزله همون سینما رکس، اوین... هست,OTHER
بچه های خوزستان چه خبر ؟ زلزله اومد ؟؟,FEAR
 از اینکه ۴۰ سال امریکا به ما لطف کرده و به ما حمله نکرده ممنونیم?,OTHER
ساز ناكوك مرا باد به بازى بگرفت شور مى سازد و اين وادى حسرت به سماع #مهسا_امینی #زن_زندگی_آزادی,SAD
 همین سال قبل کرونا من بابت تذکر حجاب یه فروشنده دعوای بدی تو بازار داشتم‌. متلک هم که همیشه بود.,SAD
کار آخوند و جمهوری اسلامی تمومه به زودی ✌?✌? ایران آزاد به زودی بهت برمیگردیم ? #IranRevoIution2022,OTHER
هر کار کردیم سیم کارت ر.و شناسایی نکرد,ANGRY
واقعا‌ الان یه دوست پسر لازم داشتم که یهویی پامیشدیم میرفتیم شمال,OTHER
فاصله باعث جدایی نمیشه ولی سکوت میشه? #مهسا_امینی,SAD
بعد کرونا درس خوندن شده مسخره بازی نمیدونم دیگه چرا نمیتونم جدی بگیرمش,OTHER
دوست دارم این آهنگ رو بفرستم برا این پسره ولی واقعا می‌ترسم لیاقتش رو نداشته باشه.,FEAR
من این ماشین رو دارم و بسیار راضی ام,HAPPY
به خوابِ قصه رفتیم؛ این خودِ ماجرا شد..,SAD
دوستان واقعا شرایط بحرانیه مشهد گاز نیس توروخدا همکاری کنین??,OTHER
من بى خواب ام در تمامى شب ها تو بيا و بگو به كجاى جهان رَوَم اى دوست..؟!,SAD
پیشنهاد نمی کنم به هیچ وجه نخر عزیز دلم نخر,SAD
حیف اون حقوقی که شما ها میگیرید حیف نون #مهسا_امینی ,SAD
فوری همین الان بابلسر زلزله اومد,FEAR
من خودم تا فصل 3 رو خوندم خیلی خوبه,HAPPY
 جناب آقای نصیری بچه ها واکسن زدن ؟,OTHER
کیفیت عالی نوآوری در طراحی قیمت مناسب,HAPPY
امام خامنه ای : ➖رژیم صهیونیستی محکوم به زوال است . . #اعتراضات_سراسری_تلاویو,OTHER
وزارت خارجه آلمان از تشکیل دادگاهی ویژه درباره اوکراین اعلام حمایت کرد.,OTHER
حتما پیشنهاد میکنم.سبک شیک و خیلی با کلاسه,HAPPY
 نمیشه یه روز گه خوری پادشاها رو نکنی ؟؟ الان وقت جنگ با پادشاهای ۳۰۰ سال پیشه ؟,OTHER
الانم فرصت مناسبیه شات بگیریم از دوستانی که مدعی هستند عامل این کمبود گاز مصرف زیاد مردمه.,OTHER
عشق بازی با خیالِ یار هم شب‌ها خوشست!,SAD
بوی خیلی بدی داره اصلا پیشنهاد نمیکنم,ANGRY
حیفه با این همه بودنِ من، ما نبودن رو انتخاب کنی,ANGRY
بیاید و زدن واکسن گارداسیل و رواج بدیم و معمولیش کنیم.,OTHER
شبتون به قشنگیِ کایبک #EXO #KAI_Peaches ,OTHER
تو این زمستونی بیچاره زلزله زده های خوی...,OTHER
میخوام در مورد تیک ها و روش درمانشون براتون بنويسم,OTHER
#ماهک_هاشمی را سوم آذر با ضربات باتوم در شیراز کشتند! او تنها شانزده سالش بود! #مهسا_امینی ,SAD
بوش خوبه خریدش رو پیشنهاد میکنم,HAPPY
چاره کن دردِ کسی که از همه ناچارتر!,SAD
چيئ سيار بو گوت سه رئ من يئت ئشيت ?? يا دياره ل برا ده را نه هاتيه قومار ياووو,OTHER
قیمتش واقعا همینه حتما خرید کنید,HAPPY
از سیل تا رزم همیشه در خط اول بود! #جانفدا #از_چالدران_تا_حرم ,OTHER
دیگه عاشق شدن ناز کشیدن فایده نداره نداره دیگه دنبال آهو دویدن فایده نداره نداره...,ANGRY
بسیار خوش است و ماندگاری بسیار بالایی دارد,HAPPY
فوق العاده با کیفیت و واقعا سوپر سایلنت هستن,HAPPY
کاملا خوب و خوش دست مخصوصا دسته های نرمش,HAPPY
آمریکا صدها موشک و نفربر به اوکراین ارسال می‌کند #العربيه_فارسى,OTHER
بعد از چند بار استفاده رکاب انگشتر زشت و سیاه شد,ANGRY
تو پیشنهاد شگفت انگیز ارزش خرید داره، عالیه,HAPPY
اینا از عمد زلزله ایجاد کردن که شما توییت کنید زلزله، تا متوجه بشن کدوماتون شرق مازندرانید.,OTHER
رجوی و مجاهدین جزو هیچ اتحادی نیستن انقدر اسم این حرومزاده ها رو کنار دیگران نیارین #مهسا_امینی,OTHER
پ‌ن: حکایت این سری آدما با جنسیت خاصی سنخیت نداره,ANGRY
میرم ایتالیا یه دوست پسر پیدا میکنم که ماشین خارجی داشته باشه ماشین خارجی دوست پسرش: ,OTHER
متاسفانه دیشب تعدادی از هموطنان عزیزمون رو تو سیل تهران از دست دادیم:)))) ,OTHER
قاسم سلیمانی عامل اصلی و بزرگ درماندگی آمریکا در منطقه و غرب آسیا است. #افتخار_ایلم #جانفدا‌‌ ,OTHER
گیاه تمایل به نور دارد، انسان به عشق.,SAD
همین مونده به خاطر صادرات نوشابه هم تحریم بشیم ?... #جنگ_اوکراین ,OTHER
فک کنم در سرتاسر آلمان تنها کسی که امشب داشته تلاش میکرده زود بخوابه من بودم ??,OTHER
 اون روزی که ترامپ سلیمانی رو ترور کرد و این الدنگ می‌رقصید، شروع سقوط هواپیما بود. زنک رذل.,OTHER
تنها چیزی که قادر است اراده آهنین شما انسان ها را در هم بشکند عشق است . عشقِ به غیر....,SAD
تنها چيزي كه از دوره كرونا عاشقش بودم اين بود كه همه جا رو بوي زندگي گرفته بود .?,SAD
‌خاطرم را مونسِ شب زنده داری آرزوست ...:) #سیمین_بهبهانی,SAD
بسیار عالی و من راضی هستم از خریدم,HAPPY
رنگش مث عکس نیست حالت سرپی دارد,ANGRY
کیفیت ساختش خوبه قیمتش هم مناسبه,HAPPY
از این میسوزم که کشورم بهترین منابع گاز و داره ولی مردم کشورم باید تو زمستون از سرما یخ بزنن :),ANGRY
الان فقط زلزله رو کم داشتیم خدااااایا تورو خدااا رحم کن??‍??,FEAR
خیلی ریزباف و شیک. مثل تابلو فرش دستی.,HAPPY
دوست داشتم کسی جایی منتظرم باشد.,SAD
? تصویر منتشر شده از نماز خلبان یک هواپیما قبل از انجام پرواز #نسل_سرافراز ,OTHER
کاش یه ویروس جدید بیاد احمقا بمیرن,OTHER
نرم و پرکاربرد و مدت  نگه داشتن دمای گرمش طولانیه,OTHER
تجمع اعتراضی کارکنان رسمی شرکت نفت و گاز پارس #مهسا_امینی #IRGCterorrists ,OTHER
"بوی بدی میده
مثل اینکه بال ها درست شست و شو نشده",SAD
همین ولی با قابوسنامه. هر بار که یادم می‌افته.,OTHER
اگر مردم با آلارم زلزله نریختن بیرون ارتش تکلیفش چیه ؟,OTHER
تو ظاهرش که خیلی خوشگله، امیدوارم خراب نشه,HAPPY
 الودگی به ویروس چپ! درمانش هم خیلی سخت و در مواردی غیر ممکن اعلام شده! ارزوی شفا?,OTHER
من تو شگفت انگیز گرفتم خوبه واقعا,HAPPY
گاز در #گرگان هم قطعه. بعد میگن آماده صدور به دیگران هستیم #MahsaAmini,OTHER
امشب تا رسیدم خونه جلو چشم عینکم از وسط کج شد ولی تو اتاق فقط من بودم اگه جن نیس پس چیه:///////,SAD
توی این هوای کوفتی برگشتم تو تخت بالشم رو بغل کردم دو ساعت دیگه هم خوابیدم!,OTHER
خیلی چیزا دلمو شکوندن اما عاقل ترم کردن #مهسا_امینی #زن_زندگی_آزادی #زمستان_سخت,SAD
دو هفته واسم کار کرد و سوخت ! ارزش خرید نداره !,ANGRY
تجمع اعتراضی کارکنان پالایشگاه #گاز #ایلام سه‌شنبه – ۲۷ دی ,OTHER
میدونید من سخنان فاخر زیاد میگم فقط چون اسم اکانتم سخته جایی نمیزارن ??,OTHER
عالی و مناسب و اقتصادی برای گیم,HAPPY
بدترین ساعتی بود که توی عمرم دیدم,SAD
خیلی خوبه و حتما پیشنهاد میشه که بگیرید,HAPPY
سازندگان داعش نابودکنندگان داعش رو تروریست خواندند :)) #ThanksIRGC,ANGRY
موهارو زنده میکنه.من خیلی راضی بودم,HAPPY
سیل جمعیت رو ببین! #زاهدان #انقلاب_۱۴۰۱ ,OTHER
"عالی 
حالت مخملی بودنش خیلی خوبه",HAPPY
ای برف ببار و غم دلمان را ساعاتی بپوشان... #جوانرود #مهسا_امینی,SAD
این خنگول عاشق یوتوب‌دیدن تو بغل این بچه‌ست. ,OTHER
 تا اخرین نفس با مردم ???? #DSIran #DragonSec #مهسا_امینی,OTHER
دستگاه همراه در سفر های طولانی خیلی خوبه,HAPPY
به فکر بعد مرگ تا حالا بودی؟ چی میشه؟ الانم زلزله اومد!,FEAR
خیلی خوب بود طراحیش محشر بود حتما پیشنهاد میکنم,HAPPY
 اسرائیل بزرگترین حامی جریان تجزیه طلبی کُرد در عراق،ایران، سوریه و ترکیه است.,OTHER
من نزدیک چهار ماهه اینو خریدم خیلی ازش رازیم,HAPPY
ببخشید داریم میلرزیم یا من توهم زلزله زدم؟,FEAR
 چون قیمت بازار آزاد گرونتره باید به بورس کالا تن بدیم؟! برای چی قیمت مصوب داریم پس؟!,ANGRY
دیگه حال دیدن فوتبال ندارم به جاش چایی میخورم چاوشی گوش میدم,SAD
ما مرده‌ایم و عمر به پایان نمی‌رسد....,SAD
با دوبار شستن از رنگ و رو افتاد,ANGRY
راز سعادت آزادی است، و راز آزادی شجاعت است..... #مهسا_امینی #اعتصابات_سراسری,OTHER
بنظر  من  قیمت خیلی  ارزنده ای  داره,HAPPY
"10,15 ثانیه لرزیدیم چون زلزله اومد",FEAR
واقعا عالیه درود بر تولید ایرانی,HAPPY
قدس روبروی محل حضور رییس گله اسقاطیل #اعتراضات_سراسری_تلاویو ,OTHER
یعنی اگر این رژیم بهترین رژیم دنیا هم بود بخاطر این همه قطعی اینترنت باید سقوط کنه. #مهسا_امینی,SAD
خیلی میترسم یکشنبه سر امتحان سوال ژنتیک جلوم باشه من هی بخونم من حالا چیزی ندارم باشه برای بعدا.,FEAR
در  پیشنهاد شگفت انگیز ارزش خرید بالایی داره,HAPPY
عطر و طعم این کپسول فوق العاده قوی و خوب بود.,HAPPY
کمی دیر شارژ میکنه چون طولش زیاده,ANGRY
نه پخش بو داره نه ماندگاری،  عطرشم بدبوءه,ANGRY
کیفیتش خوب نیست. رنگشم خیلی پر رنگه,HAPPY
۶- رشد بورس منجر به تورم می‌شود! افت بورس نیز منجر به تورم می‌شود!,OTHER
برا مادرم گرفتم خوشش نیومد گفت استیل نیست نمیخوام,OTHER
تا حالا خیانت کردی؟ (اگه حتی تو چت لاس زدی هم آره رو بزن.),OTHER
من گرفتم و روش پیراهن لی پوشیدم و خیلی راضی بودم,HAPPY
توزیع خودرو در بورس فقط به نفع کفتارهای خودرو سازه وبس,OTHER
 کاش مسافرای پرواز اوکراین هم زنده بودن?,OTHER
فرمان تازه طالبان: روی مانکن‌ها در فروشکاه‌ها پوشانیده شوند ,OTHER
غم تو چشمون سیاهت لونه کرده #مهسا_امینی,SAD
یک دستمال خیلی معمولی، ارزش خرید نداره,ANGRY
"عملکرد خوبی داره
واقعا عالی هست",HAPPY
واقعا عالیه .برای وقت گذراندن عالیه,HAPPY
گاز هست نگران نباشید فقط اشک آوره,OTHER
فقط میتونم بگم عالیه.دم دی جی گرم,HAPPY
عدالت را کشته اند و قاضی مجرم است #مهسا_امینی,SAD
از سرما به کمبود گاز از کمبود گاز به آلودگی هوا .. مملکت را تعطیل کنید تا اطلاع ثانوی,OTHER
واقعا رایحه عالیییییییییییی داره,HAPPY
عالی من از حسگر انگشتش خوشم اومد حتما حتما بخرید,HAPPY
خوبه خودم هم خریدم عالیه .  نخرید ضررکردید .,HAPPY
هپی نیو یر و فیلان و بیسال عزیزانم! ,OTHER
در #سمتنو امروز درباره #زلزله در خوی و خسارات وارده به خانه‌های روستایی صحبت کردیم. ,OTHER
 ? رهبر معظم انقلاب: [شهید سلیمانی] باصفا بود، آدم صادقی بود، روراست بود. #جانفدا #خادم_الزهرا,OTHER
الله آند ایچیب خویو ییخا زلزله نیس ک زَوزَلس?,FEAR
دل شکسته، چه غم دارد از حوادث دهر؟ که بیم سیل کشد، خانه یی که آباد است,SAD
شب‌نامه‌هایی که در سطح شیراز پخش میشه #مهسا_امینی #IRGCterorrists ,OTHER
در این رنج قیمت خیلی شیک و خوبه من که راضی ام...,HAPPY
8.5 میلیون نفر برای خرید خودرو کد #بورس_کالا گرفتن بزودی خواهید دید اتفاقی را که قبلا گفتم ?,OTHER
#تربت جام: هم اکنون تجمع اعتراضی مردم تربت جام #مهسا_امینی زندان بزرگی بنام #ایران_اشغال شده ? ,OTHER
امیدوارم ۲۰۲۳ رو (سال دیگه اینموقع) کنار درخت کریسمس با یه جنتلمن و یه عالمه رفیق جدید جشن بگیرم.,OTHER
نسبت به عکسش خیلی کوچیکه توصیه میکنم اصلا نخرید,ANGRY
این رویداد را در جهت تغییر نظم فعلی جهان و دوران گذار می توان تحلیل کرد... #اعتراضات_سراسری_تلاویو ,OTHER
"خیلی شیک و خوشگل و خوشبو بود 
خیلی راضیم",HAPPY
اصلا موها رو نمیزنه کلا تیغش تیز نیست,ANGRY
امیدوارم این عزیزان بعد از ائتلافشون برنامه‌ای به جز فراخوان و بیانیه‌های مشترک هم داشته باشن.,OTHER
شعله‌های اجاق گاز و بخاری شدیداً زرد میسوزه چند شبه و من خیلی میترسم.,FEAR
امروز، همون شنبه‌ی اول ماه و اول ساله.,OTHER
اون دوست پسر گوگولی تپل من چیشد پس؟,OTHER
بسیار خوشبو و عالی و همچنین ماندگاری بالا,HAPPY
خایه مالای ترامپ کجایین که قراره دسته جمعی بگا بریم,OTHER
ارزش خواندن داره.یاد آور خاطرات کودکی ........,OTHER
مزخرفه و اصلا ارزش خرید رو نداره,ANGRY
سلام کفش خوبیه و قیمت مناسبی دازه,HAPPY
کیفیت پایین تر از اون چیزی که تو عکس به نظر میرسه,ANGRY
اصلا راضی نیستم ازش پولتونو هدر ندین.,ANGRY
خیلی عالیه. یه پوستر مدرنه. من که خیلی خوشم اومد,HAPPY
کمرش رو باید نشونه گرفت #مهسا_امینی #اعتصابات_سراسری #فراخوان_۲۹_و_۳۰_دی,OTHER
جو بایدن، رییس‌جمهور آمریکا گفت که نگران نحوه مدیریت چین در مقابله با همه‌گیری کرونا است,OTHER
استایل مورد نظر وزیر نفت در کمبود گاز? ,OTHER
حامد کرزی رئيس جمهور اسبق افغانستان شب گذشته بار دیگر به جرمنی رفته است.,OTHER
فقط اونجا که ارایش چشماتو پاک میکنی و احساس سبکی میکنی ?,OTHER
نه پیامی، نه نشونی رو زمینی یا آسمونی! کاش میگفتی کاش میدونستم تو کجایی!!,SAD
 من سال ۹۷ قبل از کرونا به موزه رفتم و این جواهرات را دیدم.,SAD
"واقعا غیر قابل استفاده بود
مثل اسباب بازی حیف پول",ANGRY
باز شروع شد مقاومت در برابر واکسن نزدن?,OTHER
 غلط کرد با تو ! فعلا به اوکراین که زاییدن برسن کافیه ?,OTHER
تا میل نباشد به وصال از طرف دوست سودی نکند حرص و تمنا که تو داری ... [سعدی],SAD
 جنگ نخواهد شد سازش نخواهیم کرد تامام:),OTHER
تعطیلی ادارات و مدارس چندین استان ایران با هدف جلوگیری از قطع گاز منازل ادامه دارد ,OTHER
برادران ناخون انگشت کوچیکتونو بلند کنید دخترا خیلی دوست دارن,OTHER
عالیه خیلی خوبه تو خریدش شک نکنید,HAPPY
ميخوام برم بشينم زير دوش آب سرد تا كل امشب از سرم بپره.,OTHER
کمک اضافی ۱۲۵ میلیون دالری امریکا به اوکراین ,OTHER
#سازمان #ملل: شمار افراد نیازمند به کمک‌های نجات‌بخش در افغانستان به بیش از ۲۸ میلیون تن رسیده است.,OTHER
5دی ماه یادآورحادثه غم انگیز زلزله بم،قلب همه مردم جهان رابه شدت لرزاند??? #بم_متمدن,SAD
خوبه فقط حجمش زیاده و سنگین هم هست,HAPPY
همچین روزی بود که فرح با ۳۸۴چمدان و صندوق اموال مردم ایران را به سرقت برد #خاندان_فراری,OTHER
 ممنونم محسن جان اما خوب فحاشی میکنند به هر سو من بسیار میترسم از این افراد,FEAR
توهمونی ک هرچی اذیتم کنی بازم دوست دارم,OTHER
بگو انچه دلتنگت میخواهد?? #مهسا_امینی #ارمیتا_عباسی,SAD
به قیمتش میرزه ...بخرین پشیمون نمیشید,HAPPY
اگه شکسته نباشه میتونه خوب باشه,ANGRY
از خریدم راضی هستم  البته تو شگفت انگیز,HAPPY
بی کیفیت است و اصلا خوب باتری نگه نمی دارد,ANGRY
فقط چهارتا ماه میلادی رو به ترتیب نام ببرید بعد کریسمس رو تبریک بگید,OTHER
عالیه خیلی خیلی ناز و دوست داشتنی,HAPPY
 منم یه تلفات بلاکی داشتم همون نیم ساعت اول! ?,OTHER
استوری میذاری بعد دایرکت منو جواب نمیدی؟ Guess Who’s gonna die,OTHER
خانواده‌ات از دوست صمیمیت، شش هیچ جلوتره حتی اگه بدترین خانواده تو ذهنت باشه.,OTHER
بسکتبال دیگه حالمو خوب نمیکنه٬ فقط داره ناراحتم میکنه,HAPPY
خیلی خوبه به عنوان گوشی دوم عالیه,HAPPY
ببخشید ولی خوشبختانه یا متاسفانه به عشق اعتقادی ندارم.,SAD
نمیدونم خوب شده یا نه در هر صورت گمم نکنین? ,OTHER
بچه ها شما ام شده یهو دلشوره بگیرین ؟,OTHER
کیفیت بسیار پایینی داره به هیچ وجه پیشنهاد نمیکنم,ANGRY
بسه دیگه یا بچه هارو بفرستید مدرسه یا گاز رو قطع کنید کلا یخ بزنیم. ,OTHER
دوست دارم انقدر گریه کنم تا تموم شم کل وجودم اشک بشه بعدشم بخار شم برم هوا,SAD
سخت است تو را دیدن و عاشق نشدن ... Suho #SUHO #엑소 #수호 ꪻ ???? ᵗᵉᵃᵐ ,SAD
بازنشر بچه ها میشه اینو تا جایی که میشه پخشش کنید؟ #محمد_حسین_حسینی #مهسا_امینی ,OTHER
برم کویر و بیام خیلی کارها هست که باید بکنم از جمله یه برنامه فساد همراه با عشق وحال,OTHER
 باهاشون ارتباط داریم و دلم میخواد حتما اینکارو بکنم ولی از واکنششون میترسم,FEAR
ازدحام جمعیت برای تماشای فوتبال در عراق ۲ کشته و ده‌ها زخمی برجای گذاشت بیشتر بخوانید? ,OTHER
خب این حجم برف و سرما که تا فردا یهو نمیره، چرا یهو نمیگن یه هفته تعطیل، مث کرونا بازیشون گرفته?,OTHER
اصلا قابلیت کشسانی نداره و بیشتر شبیه طنابه,ANGRY
اگه یه عاشق کر وکور بشم، دوستم هست که واقعیتو ببینه.,OTHER
 این عکس را کپی کن برای سفر بعدی رئیسی بزار,OTHER
خرابه ای شده ایران و مسکن دزدان •عارف قزوینی #مهسا_امینی,OTHER
??سیل بی سابقه در عربستان ،جده ,OTHER
"هرچقدر پول بدی اش میخوری
من که راضی نیستم ازش",ANGRY
انگار نه انگار یه هفته پیش دوتا از مارو کشتن انقدر عادی سازیم دگ خوب نیس. #مهسا_امینی ,SAD
خدایی سوراخ‌تر از این تیمه نبود بفرستن مسابقات هندبال جهانی؟,OTHER
معاون درمان #وزارت_بهداشت: موج هشتم #کرونا آغاز شد. استفاده از #ماسک را جدی بگیرید! ,OTHER
گاز این قبرستون رو قطع کردید یا نه؟؟!! ,ANGRY
اولین اکانت ۲۰۲۲ ایشونه دست بزنید براش,OTHER
کنکور هم باید بیارن تو بورس کالا,OTHER
مرسی از دیجی بابت بسته بندی مناسب و ارسال به موقع,HAPPY
امروز برای امام زمانتون چیکارا نکردین؟,OTHER
ای ساربان آهسته ران ایران من غمگین است #مهسا_امینی #محسن_شکاری,SAD
بخاطر نبود گاز کارخانجات رو تعطیل کردن,ANGRY
بنده به خاطر هموطن‌هامون نیمرو رو با حرارت ملایم پختم و تا عسلی شد ورداشتم از رو گاز,OTHER
حال مرا از شعرهایم بو نخواهی برد من پشت شعری که نخواهم گفت میمیرم.,SAD
علایم کرونا جدیده چیه؟ چجوری شروع میشه؟ بهم بگین کرونا نگرفتم???,OTHER
تولدِ قشنگم مبارک ماچ به لپ‌هام ^_^ ,HAPPY
ارزش خرید حتی تو شگفت انگیز نداره,ANGRY
من محصول رو از بیگ بنگ خریداری کردم و تقلبی بود.,HAPPY
من رو‌ میگه! مرسی از برنامه‌ی خوبتون.,OTHER
خیلی خیلی فوق العادس حتما پیشنهاد میکنم,HAPPY
 معلومه که سال دیگه قطعی گاز نداریم چون آخوند نداریم...?,OTHER
یه رمان معرکه و جذاب شنیدم که فیلمش هم دارن میسازن ... #مهسا_امینی ,OTHER
اصلا بدرد خونه نمیخوره من خریدم مخصوص باشگاه است,ANGRY
چرا از هرکی خوشم میاد راهش ازم دوره,OTHER
مضطرب و بی‌قرار از خواب بیدار شدم، یه حال بدی دارم,SAD
من انقدر خستم که شما حرف بعدیتم درسته :),HAPPY
تعطیل کردن که جواب نداد قطع کردن نت ها هم که جواب نداد دیگه وقتشه کنکورو بذارن تو بورس?,OTHER
عالیه مخصوصا تو پیشنهاد های ویژه بخرین,HAPPY
"اصلا ارزش خرید نداره
کاملا بی کیفیته",ANGRY
تصاویری ازخسارات #زلزله‌ امروز #خوی با مجروح شدن دستکم ۱۲۰ نفر ,OTHER
تعداد قربانیان #سردی_هوا در #افغانستان، به 78 کشته و یک زخمی رسید.,OTHER
فشار بخور شاهین جان. بهت نگفته بودن نه؟ ,OTHER
سلام. رنگ مشکی را با گارانتی تک مارت موجود کنید,HAPPY
دوست داشتن بهترین شکل مالکیت و مالکیت بدترین شکل دوست داشتن است. پائولو کوئیلو,OTHER
لاشیا چطور میتونید خیلی عادی و نرمال توییت فوتبالی بزنید...؟ آدمید؟ #مهسا_امینی,OTHER
ادم هایی که وقتی گشنشون میشه خوابشون میگیره رو خدا واسه شکنجه افریده.,OTHER
به كسانيكه از زلزله ى ديروز خوى آسيب ديدن چطور ميتونيم كمك كنيم؟,OTHER
 بسیار بی معنی و ننر اعتصابیون ایران نیاز مالی دارند به مردم چه که این دو عوضی بیگدار به آب زدند,ANGRY
نمیدونم چرا یهو دلم برای تیم ملی مراکش جام جهانی تنگ شد,SAD
فکر کنم برفی دومی هم داره مثل خواهرش کلسی ویروس میگیره ,OTHER
من این رو خریدم انگار پولت رو توی چاه ریختی,ANGRY
در میان سیل غم ها، غم دی را چه کنیم؟!? #جانفدا‌ #خادم_الزهرا ,SAD
??بحران گاز در تربت حیدریه #گاز ,OTHER
واقعا کیفیت و کارایی خوبی داره ممنون,HAPPY
سلام من گرفتم خیلی بی کیفیت بود نخرید,ANGRY
پیشنهاد می کنم با این قیمت خوبه,HAPPY
باسه گیم و تایپ تو خرید شک نکنید,HAPPY
محصول با کیفتی هستش، من به همه پیشنهاد می کنم,HAPPY
۳ روزه من زیر پتوئم کلا. اگر گاز اینایی که قطع شده بود وصل شده من یه کم این بخاری رو زیاد کنم?‍?,ANGRY
اول تو کشورها جنگ ایجاد میکنه بعد هم غارتشون میکنه از خودت چی داری آمریکا!,ANGRY
جدی جدی اینترنت قطعه!!! بعد نه ATMها کار میکنه، نه پمپ گاز و بنزین، رسما مملکت دو روز فلجه ?‍♀️,OTHER
گوشی عالیه هرکی موافقه وقط لایک,HAPPY
 میخوان مثل تجربه موفق! کرونا زنجیره گرمایش رو قطع کنن?,OTHER
"واقعا راحت نصب شد
کار باهاش راحت
دوسش دارم",HAPPY
کارمون بگیره میرم یجا که عشق قانونه جرم نی,SAD
کدومش سخت‌تره؟ نخوام ببینمت، یا ندیده بگیرمت؟ ?,OTHER
#بورس_کالا با شورای رقابت یک چیزی شبیه غذا خوردن با ماسک هست سیرک حکمرانی اقتصادی,OTHER
من برا خواهرم خریدم ازش خیلش راضیه ...,HAPPY
خیلی اسپیکر خوبیه صداش خیلی خوبه من ازش راضیم,HAPPY
بعد از دو سه ماه استفاده از کمرش شکست !!!,ANGRY
"ایده آل.
 
شک نکنید در انتخاب این کول پد",HAPPY
تنبلیم میاد آشپزی کنم، دلم ولی غذای خوشمزه میخواد. عتیق ترین چالش بشری: انتهای گشاد و آب هندوانه...,OTHER
واقعا استرس وضعیت گاز و تعطیلی و تصمیم‌های این جماعت معلوم‌الحال رو دارم.,OTHER
و داره بارون میاد و منِ خر نفهمیدم ,OTHER
یکی دو روزه دست به بلاک و ریپورتم خیلی خوب شده! شما هم امتحان کنید، حس خوبی داره … #مهسا_امینی,HAPPY
دچارِ عشقِ کسی بعدِ تو نخواهم شد به احترامِ دلِ پاره پاره ام از عشق...,SAD
رنگش خیلی عالیه جنسشم خوبه درکل حرف نداره,HAPPY
عشق لب‌ شیرینت عالمی را مجنون کند.,OTHER
خوبه نسبت به قیمت ، تو این گرونی,HAPPY
الان بدستم رسیده کفش خوبیه هم سبک و هم راحته,HAPPY
سید مرتضی زد به دریای خون. الانه که از هر دو طرف با شمشیرهای آخته بهش حمله کنند ?,OTHER
متاسفانه پیاله شکسته بود و کف همه ظرف ها لک داشت.,SAD
آغاز فروش خودروهای وارداتی از هفته سوم دی در بورس سخنگوی وزارت صمت,OTHER
[گرم است به هم پشت رقیبان پِی قتلم ای عشق دل‌افروز دل من به تو گرم است],SAD
جعبه این محصول خیلی ضعیف کار شده,ANGRY
خیلی عالیه کیفیت و مقامت بالایی داره,HAPPY
بسیار ساده و شیک مانند قاب های سیلیکونی ایفون,HAPPY
از سپاه متشکریم برای گروه های جهادی در سیل و زلزله ??♥️ #ThanksIRGC (2) ,OTHER
پوست من رو که شدید خشک کرد و هیچ تاثیریم نداشت,ANGRY
#فکت شب تو‌ خیابون‌ برفی زمزمه ی «با تو نفس کشیدنو دوست دارم»... همین #مهسا_امینی,SAD
کیفیت عالی و مولتی پلیر عالی و آنلاین,HAPPY
برف میاد جرجر رو پشت بوم هاجر هاجر عروسی داره تاج خروسی داره :( #مهسا_امینی,OTHER
بزرگترین ترسم از به نتیجه نرسیدن و سرکوب، سیل اعدام‌هاییه که بعدش راه میفته. تصورش هم وحشتناکه,FEAR
انقدر عصبی شدم دسته‌ی گیتارو گاز گرفتم رد دندونام مونده رو فرت‌برد,OTHER
با گمانِ عشق، دل بستم به مهرِ این و آن با تو و تنهایی‌ات ای دل! چه‌ها کردم، ببخش.. فاضل نظری,SAD
در خریدش درنگ نکنید، من ک دلم میخاد دوتا بخرم,HAPPY
عالی است بنظر میاد موهام را کرتینه کردم,OTHER
واقعا نسبت به نمونه های دیگه  ارزش خرید نداره,ANGRY
من روی اچسی کراس tu5انداختم عالیه....,HAPPY
شبیه شهر پس از جنگ ، خالی و بی ابر نشسته‌ایم برای ادامه دادن صبر #اتحاد,OTHER
من یک ساله دارم واقعا تو این قیمت کار راه اندازه,HAPPY
تاختن در میدان جنگ دلی شیر می‌خواهد ن چشمی که دنبال میز و صندلی و ریاست باشد #جانفدا #رفیق_شهیدم ,OTHER
بهترین لاستیک ایرانی برای گروه پژو,HAPPY
فوق العاده شیک و زیبا با نور عالی,HAPPY
در ازل پرتو حسنت ز تجلی دم زد عشق پیدا شد و آتش به همه عالم زد #شیفت_شعر,OTHER
"یه هفته هست خریدم. 
فوق العاده.",HAPPY
دو هفته بیشتر کارنکرد اصلا بدرد نمیخورد,ANGRY
برای حل کمبود گاز مهران رجبی وارد لوله های گاز شد #مهسا_امینی,OTHER
تولد بهترین دوستمه و هزاران کیلومتر از هم فاصله داریم همین باعث میشه یک هفته گریه کنم,ANGRY
چقدر خوبه که به فکر هم نوع خودمون باشیم و با #صرفه_جویی در مصرف گاز از قطع گاز جلو گیری کنیم،,OTHER
تنها چیزی که میتونم بگم اینه که عالیه,HAPPY
هزینه‌های کافی‌شاپ کمرمون و شکست. ,ANGRY
ببخشید این هشدار زلزله چی بود؟ همه فقط دارن میپرسن چیه,OTHER
به یغما رفته پاییزم زمستانم زمستانم تگرگِ استخوان ریزم زمستانم زمستانم...!,OTHER
حتی بارون هم باعث نشد که بکشن کنار ?? #اعتراضات_سراسری_تلاویو ,OTHER
خلاصه شده‌ی بعضی اسم‌ها دل نشین تره.,SAD
گوشی نسبتا خوبی است برای تلفن زدن خوبه,HAPPY
 اسماعیلیون به دامن تجزیه طلبان و مجاهدین پناه برد و در تاریخ محو می شود ?,OTHER
#یاداوری ⬆️✅روزهایی که می توان انتظار روند صعودی کریپتو و بورس را داشته باشیم #Stock #crypto,OTHER
می‌رود از فراق تو خون دل از دو دیده‌ام دجله به دجله یم به یم، چشمه به چشمه جو به جو,SAD
نسب به قیمتش و کارای که داره عالیه,HAPPY
نامه ای به قلبم اینکه بعضی وقتا سرعت کمو زیاد میکنی دلیل خاصی داره؟,OTHER
 واقعا شعور نداری حرف نزن.چرا مردم کشور سومین تولیدکننده گاز جهان باید با هیتر گرم بشن؟,ANGRY
ساعت ۶ باید پاشم و هرکاری میکنم خوابم نمیبره,OTHER
سیل جمعیت علیه نتانیاهو در سرزمین‌های اشغالی به خیابان آمدند. #اعتراضات_سراسری_تلاویو,OTHER
ظاهری خوب ولی کیفیت بسیار کم و استفاده محدود,HAPPY
 بازهم جای شکر دارد که چپگرایان در آن زمان نبودند، وگرنه جنایات و قساوت صدها برابر میشد.,SAD
روزی که بفهمید پرچم کوردستان ربطی به تجزیه‌طلبی و توهمات ج.ا نداره اون روز عید منه! #مهسا_امینی,OTHER
من‌میگم‌‌این‌گوشی‌رو‌بخرید‌من‌که‌خیلی‌راضی‌ام,HAPPY
از کرونا به بعد دیگه هیچی مثل سابق نشد.,ANGRY
آقا دارن برامون از بیرون سر می تراشند....حواستون هست؟؟,OTHER
اعزام نیروهای لشکر محمد رسول الله به لبنان جهت جنگ با رژیم صهیونیستی (۲) ,OTHER
حالا من زیاد از گلشیفته خوشم نمیاد ولی نمیشه منکر تاثیر وضعیت اقتصادی توی اعتراضات شد.,ANGRY
کیفیت کالا عالی و با نور خورشید شارژ میشه,HAPPY
دلم میخاد بدونم دخترک مو سبز و پسره کوله پشتی کجان؟ حالشون خوبه؟ #مهسا_امینی,SAD
رئیسی: ?فقط در نقاط محدودی گاز قطع شد ?در مقطعی به ذخیره‌سازی گاز و نفت بی‌توجهی شد ,ANGRY
چراغ ستمکار تا صبح نمی‌سوزد. #اعتراضات_سراسری_تلاویو ,OTHER
خیلی محکم خوبه ی ساله خریدم رنگش همون طوری مونده,HAPPY
پلاستیک های معمولی هم کار این محصول رو می‌کنه,ANGRY
عاقا قبول نیست شما نیو یر شدین ما هنوز ته ۲۰۲۰ موندیم ???,OTHER
"سلام .
از نظر زیبایی واقعا قشنگه . ارزش خرید داره",HAPPY
سیگار پشت سیگار دود میکنم ... شمع‌های خستگی‌ام را فوت میکنم,OTHER
 اونا که ایران رو قبول ندارن و به دنبال کردستان واحد هستن چرا نمیرن فعلا کردستان عراق زندگی کنن؟,OTHER
موج جدید سرما و بارشی که از غرب وارد شده نگرانی‌ها بابت قطعی گاز رو داره هرلحظه بیشتر میکنه,OTHER
کیفیت قابل قبولی داره طراحیش هم عالیه,HAPPY
ما باید تیتر میزدیم رییسی ، روحانی ، قالیباف ، لاریجانی ها و ... اعدام شدن ,OTHER
خیلی خوبه حتما پیشنهاد می کنم جنسش هم خوبه,HAPPY
آرزو میکنم Hello passengers و وقتی تو هواپیما دارم ازین کشور میرم ببینم ? ,SAD
سلام...ارسالی کالا از نوع رنگ و مدل متفاوت بود,ANGRY
من خریدم خیلی راضی ام.قیمتش نسبت به بیرون بهتره,HAPPY
اعتراض مردم تلاویو به حکومت دیکتاتور #اعتراضات_سراسری_تلاویو ,OTHER
پیشنهاد میکنم بخرید منکه راضی هستم,HAPPY
یک تیر برای دشمنانت کفایت می کند،،،۹ تیر را خرج خائنین داخلی کن.... #نهم_دی,OTHER
از خانه تا خيابان، برای سرنگونی طالبان,ANGRY
آب و برق و گاز مجانی و دیدین؟ حوری و انگور و عسل هم همینطوریه,ANGRY
گزارش‌هایی از استعفای وزیر دفاع آلمان منتشر شده است!!! #روسیه #اوکراین #آلمان ,OTHER
برف هم اومد ثابت کنه که اینجوری شهر قشنگتره #نه_به_حجاب_اجباری #مهسا_امینی,SAD
داره گدایی میکنه،محل ندید علی الخصوص کوت نکنید #مهسا_امینی #جاویدشاه ,OTHER
بهترین موسیقی منتشر شده در حال حاضر,HAPPY
تو خونه ما صدا خر و پف قطع نمیشه فقط از شخصی به شخص دیگر انتقال پیدا میکنه ?,ANGRY
به شخصه خودم پر پر شدن سه تا از اکانت هارو دیدم یه کم مراقب اکانتون باشید,SAD
حسرت انجام ندادن کارایی رو دارم که پارسال با شروع کرونا عقب انداختمشون.,OTHER
تو جویبار چیکار میکنن که هر دفعه منشأ زلزله اس!؟,OTHER
قبل از کار تو معدن، سختترین کار نگهداشتن گریه‌ست وقتی تا تو چشماتو اشک پر کرده...,SAD
هم‌اکنون سیل جمیعتی انبوه به‌سوی تریاک‌فروش,OTHER
قیام برلین بخاطر گرانی بنزین بود قیام استراسبورگ بخاطر نبود گاز (((: #دولت_ورشکسته #IRGCterorrists,OTHER
این اسپینر عالیه فقط همین عالیـــــــــــه,HAPPY
 وقتی داعش از قلب اروپا نیرو میگرفت منم همینو گفتم,OTHER
جمعه ها آدم نیستم یه سگم که فقط گاز میگیره,OTHER
اگه من جای یکی تو اعتراضات میمردم الان راحت بودم,SAD
ای‌بابا چرا واسه من هشدار زلزله نیومد ناراحت شدم.,OTHER
قیمت خیلی خوب هست تو بازار قیمتش خیلی بالاتره,HAPPY
دوست ژاپنیم نوشته من و زنم دز پنجم واکسن رو زدیم و نگران ما نباش!! بعد من دز سوم رو به زور زدم :)),OTHER
یعنی اگه مسواک خالی بزنید از این بهتره,OTHER
خیلی کوچیکه و نور خیلی کمی داره,HAPPY
میشه یکی توضیح بده ویلای خالی از سکنه چجوری گاز مصرف می‌کنه؟? ,OTHER
این رمان بسیار زیبا بود و من حتما پیشنهادش می کنم,HAPPY
پنجاه هزارتومن تو بورس سود کردم می‌دونی از چی حرف میزنم؟ تجارت,OTHER
نذارین آدما فکر کنن که هرموقع برگردن یه گوشه منتظرشون وایسادین.,OTHER
چون تو با بد، بد کنی پس فرق چیست؟! #مولانا #حضرت_عشق #حضرت_مولانا #مولانای_جان #غزل_مولانا #مولوی,ANGRY
شدیدا پیشنهاد میشه.. پشیمون نمیشین,HAPPY
اگه این هشدار زلزله هک بوده باشه واقعا دلم میخواد با اون رییس پدافند غیرعامل یه دیدار داشته باشم.,OTHER
از خریدش پشیمانم اصلا کارایی ندارد,ANGRY
برای امثال ما واقعاً بازگشتی وجود نداره. #مهسا_امینی ,SAD
#نگین که حتی فامیلش رو هم نمیدونم از همه غریبتر رفت #مهسا_امینی,SAD
 این دیوونه رو بلاک کنید لطفا، نیاریدش توی تایم لاین ??‍♀️ #مهسا_امینی,OTHER
"واقعا زیبا و با کیفیت
مناسب سراتو سایپا",HAPPY
من تو اوج کرونا مریض نشدم. الان وسط اینهمه کار و بدبختی چرا باید مریض شم؟,ANGRY
پیشنهاد مکنم حتما بخرید حرف نداره ....,HAPPY
اصلا ارزش خرید نسبت به قیمت ندارد,ANGRY
این محا فظ کوچکتر از صفحه گوشی می باشد.,ANGRY
 ‌‌تا نپیماید کسی دشتِ جنون کی پی برد آنچه بر مجنونِمسکین از غمِ لیلا گذشت #صبوری_رشتی,SAD
استانبول زلزله شدید اومد الان. من که خوابم سنگینه از خواب پریدم.,FEAR
2021 شد؟؟؟ خب به عنم که 2021 شد!!!! ,OTHER
زیبا و مناسب برای طرفداران طلای ظریف.,HAPPY
عالیه بشرطی که مو به موش رو انجام بدین,HAPPY
میان سیل غم ها ، غم دی را چه کنم؟! #عزیز_مردم #جانفدا‌‌,SAD
دیشب یکی رو پیدا کردم که کرمانجی می‌فهمید و برای اولین بار وسط کانادا کردی حرف زدم و حس خونه داشت ?,OTHER
تلفن کاملا خوب و کاملا استاندارد,HAPPY
ولی کره بادوم زمینی همیشه جوابه.,OTHER
پولمو دور ریختم . فیلتر رو تا بستم اب بو گرفت,ANGRY
بسیار خوب و راحت.پیشنهاد میکنم حتما بخرید,HAPPY
رنگش خیلی تیره اس. رنگ ابروهای منو اصلا باز نکرد,ANGRY
نحوه درست استفاده از مک‌بوک:)) ,HAPPY
از هر لحاظ عالی و مقرون به صرفه .,HAPPY
خیلی خوبه. من 5 دست ازش خریدم. واقعا عالیه.,HAPPY
با قیمت ارائه شده متناسب می باشد,HAPPY
چین و پایان محدودیت‌های کرونا؛ بازگشت گردشگران به پارک یخی و برفی «هاربین» بیشتر بخوانید: ,OTHER
خیلی عالی شگفت انگیز کنید اگه ممکنه,HAPPY
?هپی مپی 2021# ? چه خوشکل شدم سال جدید? ,OTHER
بیست سال پیشم ماشین خوبی نبود و برسه به الان,HAPPY
سیلِ آه خلق.. سد ظلم را خواهد شکست! #محسن_شکاری,SAD
پشماممم ریخت یعنییی!! پیچوند و رفت کانادا. بچه زرنگ اینه??‍♂️. بی سر و صدا. باید یاد بگیرم ازش??‍♂️,ANGRY
تو اینستاگرام سال تحویل شده توی توییتر جنگه؛ قَضیه جنگ چیه ملت؟ کسی چیزی گفته؟ جدی یکی بگه چیشده,OTHER
راهکارهای کاهش مصرف گاز با رعایت کردن خودمون به بفکر دیگران هم باشیم‌. #هرخانه_یک_اتاق_گرم ,OTHER
تنهامسابقه ای که توش برنده شدم و کله عمرمو باخت دادم… ,OTHER
 روز به روز بیشتر عاشق مولانا میشم??,OTHER
شب های هجر را گذراندیم و زندەایم ما را بە سخت جانی خود این گمان نبود... #مهسا_امینی ,SAD
دوستی که ۲ و نیم شب زنگ میزنه فوت میکنه چیه ؟,SAD
"بو بد میده زودم میترکه
مال من که ترکید",ANGRY
آغاز موج هشتم کرونا در ایران؛ ابتلا به کووید تا عید نوروز به نقطه اوج می‌رسد جزئیات بیشتر? ,OTHER
کلمه‌ی شاه‌زاده رو دوست ندارن، بگید محمدرضازاده.,OTHER
سال نو همگی مبارک. سالی پر از کتلت و املت سوار بر نیسان آبی برای همگی شما آرزو میکنم.,HAPPY
سوال من در مورد واکسیناسیونشونه؛چقدر باید از اخرین واکسن گذشته باشه,OTHER
 درسته، اما تا وقتی برد برده کردیتشونو بدیم اوپوزسیون یاد بگیره. کارشون کم نقص بود.,SAD
دارای نور فوق العاده،حتما پیشنهاد میکنم,HAPPY
نسبت به قیمتش فوق العاده اس. پر نور و با قدرت,HAPPY
من هرمش استرس دارم روز تولدم توييتر بادكنك نده بهم,SAD
"میترسم نگاش کنم
میترسم خودم هنگ کنم",FEAR
دوس دارم تو ۲۰۲۱ یه ویروس بیاد، فقط ماله‌کش بشوره ببره بقیه چیزا خودش درست میشه,OTHER
عاشق ژنتیکم، الکی نه‌ها، در حدی که درسای سه واحدی مربوط به ژنتیکو بالای ۱۷ می‌نویسم قشنگ :))),OTHER
رضا پروانه ي زندگيتو پيدا كني برد دادي.,OTHER
سرخط خبرهای ۶ عصر، پنجشنبه ۲۹ جدی ۱۴۰۱ ,OTHER
بوی عالی  ماندگاری خوب خیلی خوشم امدش مرسی دیجی,HAPPY
گاز که نداریم اینترنت هم روش? #وطن,ANGRY
من چندتاشو برا مغازه گرفتم باطریاشون کلا خرابن!,HAPPY
"خیلی بی کیفیت 
حتی بچه ها هم باهاش بازی نمیکنن",ANGRY
